{
    "databaseChangeLog": [
        {
            "changeSet": {
                "id": "spint6.1-ddl-1-create-data4",
                "author": "liquibaseuser-usage-report",
                "preConditions": {
                    "onFail": "MARK_RAN",
                    "not": {
                        "tableExists": {
                            "tableName": "data4"
                        }
                    }
                },
                "changes": [
                    {
                        "createTable": {
                            "columns": [
                                {
                                    "column": {
                                        "autoIncrement": true,
                                        "constraints": {
                                            "nullable": false,
                                            "primaryKey": true,
                                            "primaryKeyName": "data4_pkey"
                                        },
                                        "name": "data4_id",
                                        "type": "INTEGER"
                                    }
                                },
                                {
                                    "column": {
                                        "name": "acct_input_gigawords",
                                        "type": "BIGINT"
                                    }
                                },
                                {
                                    "column": {
                                        "name": "acct_input_octets",
                                        "type": "BIGINT"
                                    }
                                },
                                {
                                    "column": {
                                        "name": "acct_output_gigawords",
                                        "type": "BIGINT"
                                    }
                                },
                                {
                                    "column": {
                                        "name": "acct_output_octets",
                                        "type": "BIGINT"
                                    }
                                },
                                {
                                    "column": {
                                        "name": "acct_session_id",
                                        "type": "VARCHAR(255)"
                                    }
                                },
                                {
                                    "column": {
                                        "name": "acct_status_type",
                                        "type": "BIGINT"
                                    }
                                },
                                {
                                    "column": {
                                        "name": "calling_station_id",
                                        "type": "VARCHAR(255)"
                                    }
                                },
                                {
                                    "column": {
                                        "name": "created_by",
                                        "type": "VARCHAR(255)"
                                    }
                                },
                                {
                                    "column": {
                                        "defaultValueComputed": "CURRENT_TIMESTAMP",
                                        "name": "created_date",
                                        "type": "TIMESTAMP WITH TIME ZONE"
                                    }
                                },
                                {
                                    "column": {
                                        "name": "class",
                                        "type": "VARCHAR(255)"
                                    }
                                },
                                {
                                    "column": {
                                        "name": "event_timestamp",
                                        "type": "date"
                                    }
                                },
                                {
                                    "column": {
                                        "name": "framed_ip_address",
                                        "type": "VARCHAR(255)"
                                    }
                                },
                                {
                                    "column": {
                                        "name": "gpp2_correlation_id",
                                        "type": "VARCHAR(255)"
                                    }
                                },
                                {
                                    "column": {
                                        "name": "gpp2_foreign_agent_address",
                                        "type": "VARCHAR(255)"
                                    }
                                },
                                {
                                    "column": {
                                        "name": "gpp2_service_option",
                                        "type": "BIGINT"
                                    }
                                },
                                {
                                    "column": {
                                        "name": "modified_by",
                                        "type": "VARCHAR(255)"
                                    }
                                },
                                {
                                    "column": {
                                        "name": "modified_date",
                                        "type": "date"
                                    }
                                },
                                {
                                    "column": {
                                        "name": "user_name",
                                        "type": "VARCHAR(255)"
                                    }
                                }
                            ],
                            "tableName": "data4"
                            
                        }
                    }
                ], 
                "rollback" : {
                     "dropTable": {
                          "cascadeConstraints": true,
                          "tableName": "data4"
                        }
                }
            }
        },
        {
            "changeSet": {
                "id": "spint6.1-ddl-2-create-data_details",
                "author": "liquibaseuser-usage-report",
                "preConditions": {
                    "onFail": "MARK_RAN",
                    "not": {
                        "tableExists": {
                            "tableName": "data_details"
                        }
                    }
                },
                "changes": [
                    {
                        "createTable": {
                            "columns": [
                                {
                                    "column": {
                                        "autoIncrement": true,
                                        "constraints": {
                                            "nullable": false,
                                            "primaryKey": true,
                                            "primaryKeyName": "data_details_pkey"
                                        },
                                        "name": "data_id",
                                        "type": "INTEGER"
                                    }
                                },
                                {
                                    "column": {
                                        "name": "billing_number",
                                        "type": "VARCHAR(255)"
                                    }
                                },
                                {
                                    "column": {
                                        "name": "bsid",
                                        "type": "VARCHAR(255)"
                                    }
                                },
                                {
                                    "column": {
                                        "name": "category",
                                        "type": "VARCHAR(255)"
                                    }
                                },
                                {
                                    "column": {
                                        "name": "cause_for_record_closure",
                                        "type": "VARCHAR(255)"
                                    }
                                },
                                {
                                    "column": {
                                        "name": "charge_amount",
                                        "type": "BIGINT"
                                    }
                                },
                                {
                                    "column": {
                                        "name": "charged_kb_units",
                                        "type": "BIGINT"
                                    }
                                },
                                {
                                    "column": {
                                        "name": "country_cd",
                                        "type": "VARCHAR(255)"
                                    }
                                },
                                {
                                    "column": {
                                        "name": "data_1",
                                        "type": "BIGINT"
                                    }
                                },
                                {
                                    "column": {
                                        "name": "device_id",
                                        "type": "VARCHAR(255)"
                                    }
                                },
                                {
                                    "column": {
                                        "name": "end_date_time",
                                        "type": "TIMESTAMP WITHOUT TIME ZONE"
                                    }
                                },
                                {
                                    "column": {
                                        "name": "equivalent_units",
                                        "type": "BIGINT"
                                    }
                                },
                                {
                                    "column": {
                                        "name": "event_type",
                                        "type": "BIGINT"
                                    }
                                },
                                {
                                    "column": {
                                        "name": "feature_cd",
                                        "type": "VARCHAR(255)"
                                    }
                                },
                                {
                                    "column": {
                                        "name": "footprint_code",
                                        "type": "VARCHAR(255)"
                                    }
                                },
                                {
                                    "column": {
                                        "name": "gmt_offset",
                                        "type": "BIGINT"
                                    }
                                },
                                {
                                    "column": {
                                        "name": "imsi",
                                        "type": "VARCHAR(255)"
                                    }
                                },
                                {
                                    "column": {
                                        "name": "included_kb_units",
                                        "type": "BIGINT"
                                    }
                                },
                                {
                                    "column": {
                                        "name": "min_num",
                                        "type": "VARCHAR(255)"
                                    }
                                },
                                {
                                    "column": {
                                        "name": "orig_bsid",
                                        "type": "VARCHAR(255)"
                                    }
                                },
                                {
                                    "column": {
                                        "name": "rate_period",
                                        "type": "VARCHAR(255)"
                                    }
                                },
                                {
                                    "column": {
                                        "name": "rate_type",
                                        "type": "VARCHAR(255)"
                                    }
                                },
                                {
                                    "column": {
                                        "name": "record_id",
                                        "type": "BIGINT"
                                    }
                                },
                                {
                                    "column": {
                                        "name": "record_type",
                                        "type": "BIGINT"
                                    }
                                },
                                {
                                    "column": {
                                        "name": "rerate_ind",
                                        "type": "VARCHAR(255)"
                                    }
                                },
                                {
                                    "column": {
                                        "name": "rerate_reason_code",
                                        "type": "BIGINT"
                                    }
                                },
                                {
                                    "column": {
                                        "name": "seq_no",
                                        "type": "BIGINT"
                                    }
                                },
                                {
                                    "column": {
                                        "name": "service_plan",
                                        "type": "VARCHAR(255)"
                                    }
                                },
                                {
                                    "column": {
                                        "name": "serving_plmn_id",
                                        "type": "BIGINT"
                                    }
                                },
                                {
                                    "column": {
                                        "name": "start_date_time",
                                        "type": "TIMESTAMP WITHOUT TIME ZONE"
                                    }
                                },
                                {
                                    "column": {
                                        "name": "tariff_plan",
                                        "type": "VARCHAR(255)"
                                    }
                                },
                                {
                                    "column": {
                                        "name": "tier_cd",
                                        "type": "VARCHAR(255)"
                                    }
                                },
                                {
                                    "column": {
                                        "name": "total_kb_units",
                                        "type": "BIGINT"
                                    }
                                },
                                {
                                    "column": {
                                        "name": "usage_sequence_id",
                                        "type": "BIGINT"
                                    }
                                },
                                {
                                    "column": {
                                        "name": "zone",
                                        "type": "VARCHAR(255)"
                                    }
                                },
                                {
                                    "column": {
                                        "defaultValueComputed": "CURRENT_TIMESTAMP",
                                        "name": "created_date",
                                        "type": "TIMESTAMP WITH TIME ZONE"
                                    }
                                }
                            ],
                            "tableName": "data_details"
                        }
                    }
                ]
            }
        },
        {
            "changeSet": {
                "id": "spint6.1-ddl-3-create-sms_details",
                "author": "liquibaseuser-usage-report",
                "preConditions": {
                    "onFail": "MARK_RAN",
                    "not": {
                        "tableExists": {
                            "tableName": "sms_details"
                        }
                    }
                },
                "changes": [
                    {
                        "createTable": {
                            "columns": [
                                {
                                    "column": {
                                        "autoIncrement": true,
                                        "constraints": {
                                            "nullable": false,
                                            "primaryKey": true,
                                            "primaryKeyName": "sms_details_pkey"
                                        },
                                        "name": "sms_id",
                                        "type": "INTEGER"
                                    }
                                },
                                {
                                    "column": {
                                        "name": "billing_id",
                                        "type": "VARCHAR(255)"
                                    }
                                },
                                {
                                    "column": {
                                        "name": "billing_number",
                                        "type": "VARCHAR(255)"
                                    }
                                },
                                {
                                    "column": {
                                        "name": "call_direction_ind",
                                        "type": "VARCHAR(255)"
                                    }
                                },
                                {
                                    "column": {
                                        "name": "charge_amt",
                                        "type": "BIGINT"
                                    }
                                },
                                {
                                    "column": {
                                        "name": "charged_units",
                                        "type": "BIGINT"
                                    }
                                },
                                {
                                    "column": {
                                        "name": "country_code",
                                        "type": "VARCHAR(255)"
                                    }
                                },
                                {
                                    "column": {
                                        "name": "device_id",
                                        "type": "VARCHAR(255)"
                                    }
                                },
                                {
                                    "column": {
                                        "name": "equivalent_units",
                                        "type": "BIGINT"
                                    }
                                },
                                {
                                    "column": {
                                        "name": "event_date_time",
                                        "type": "TIMESTAMP WITHOUT TIME ZONE"
                                    }
                                },
                                {
                                    "column": {
                                        "name": "event_type",
                                        "type": "BIGINT"
                                    }
                                },
                                {
                                    "column": {
                                        "name": "gmt_offset",
                                        "type": "BIGINT"
                                    }
                                },
                                {
                                    "column": {
                                        "name": "imsi",
                                        "type": "VARCHAR(255)"
                                    }
                                },
                                {
                                    "column": {
                                        "name": "included_units",
                                        "type": "BIGINT"
                                    }
                                },
                                {
                                    "column": {
                                        "name": "min_num",
                                        "type": "VARCHAR(255)"
                                    }
                                },
                                {
                                    "column": {
                                        "name": "other_party_address",
                                        "type": "VARCHAR(255)"
                                    }
                                },
                                {
                                    "column": {
                                        "name": "rate_type",
                                        "type": "VARCHAR(255)"
                                    }
                                },
                                {
                                    "column": {
                                        "name": "record_id",
                                        "type": "BIGINT"
                                    }
                                },
                                {
                                    "column": {
                                        "name": "record_type",
                                        "type": "BIGINT"
                                    }
                                },
                                {
                                    "column": {
                                        "name": "rerate_ind",
                                        "type": "VARCHAR(255)"
                                    }
                                },
                                {
                                    "column": {
                                        "name": "rerate_reason_code",
                                        "type": "BIGINT"
                                    }
                                },
                                {
                                    "column": {
                                        "name": "service_plan",
                                        "type": "VARCHAR(255)"
                                    }
                                },
                                {
                                    "column": {
                                        "name": "tariff_plan",
                                        "type": "VARCHAR(255)"
                                    }
                                },
                                {
                                    "column": {
                                        "name": "tier_cd",
                                        "type": "VARCHAR(255)"
                                    }
                                },
                                {
                                    "column": {
                                        "name": "total_units",
                                        "type": "BIGINT"
                                    }
                                },
                                {
                                    "column": {
                                        "name": "usage_sequence_id",
                                        "type": "BIGINT"
                                    }
                                },
                                {
                                    "column": {
                                        "name": "vat_tax",
                                        "type": "BIGINT"
                                    }
                                },
                                {
                                    "column": {
                                        "name": "zone",
                                        "type": "VARCHAR(255)"
                                    }
                                },
                                {
                                    "column": {
                                        "defaultValueComputed": "CURRENT_TIMESTAMP",
                                        "name": "created_date",
                                        "type": "TIMESTAMP WITH TIME ZONE"
                                    }
                                }
                            ],
                            "tableName": "sms_details"
                        }
                    }
                ]
            }
        },
        {
            "changeSet": {
                "id": "spint6.1-ddl-4-create-voice_details",
                "author": "liquibaseuser-usage-report",
                "preConditions": {
                    "onFail": "MARK_RAN",
                    "not": {
                        "tableExists": {
                            "tableName": "voice_details"
                        }
                    }
                },
                "changes": [
                    {
                        "createTable": {
                            "columns": [
                                {
                                    "column": {
                                        "autoIncrement": true,
                                        "constraints": {
                                            "nullable": false,
                                            "primaryKey": true,
                                            "primaryKeyName": "voice_details_pkey"
                                        },
                                        "name": "voice_id",
                                        "type": "INTEGER"
                                    }
                                },
                                {
                                    "column": {
                                        "name": "air_time_charge",
                                        "type": "BIGINT"
                                    }
                                },
                                {
                                    "column": {
                                        "name": "billing_number",
                                        "type": "BIGINT"
                                    }
                                },
                                {
                                    "column": {
                                        "name": "busy_transfer_ind",
                                        "type": "VARCHAR(255)"
                                    }
                                },
                                {
                                    "column": {
                                        "name": "call_delivery",
                                        "type": "VARCHAR(255)"
                                    }
                                },
                                {
                                    "column": {
                                        "name": "call_direction_ind",
                                        "type": "VARCHAR(255)"
                                    }
                                },
                                {
                                    "column": {
                                        "name": "call_forward",
                                        "type": "VARCHAR(255)"
                                    }
                                },
                                {
                                    "column": {
                                        "name": "call_type",
                                        "type": "BIGINT"
                                    }
                                },
                                {
                                    "column": {
                                        "name": "call_waiting",
                                        "type": "VARCHAR(255)"
                                    }
                                },
                                {
                                    "column": {
                                        "name": "caller_id_block",
                                        "type": "VARCHAR(255)"
                                    }
                                },
                                {
                                    "column": {
                                        "name": "cancel_call_waiting_ind",
                                        "type": "VARCHAR(255)"
                                    }
                                },
                                {
                                    "column": {
                                        "name": "charged_minutes",
                                        "type": "BIGINT"
                                    }
                                },
                                {
                                    "column": {
                                        "name": "device_id",
                                        "type": "VARCHAR(255)"
                                    }
                                },
                                {
                                    "column": {
                                        "name": "equivalent_units",
                                        "type": "BIGINT"
                                    }
                                },
                                {
                                    "column": {
                                        "name": "feature_setup_ind",
                                        "type": "VARCHAR(255)"
                                    }
                                },
                                {
                                    "column": {
                                        "name": "footprint_code",
                                        "type": "VARCHAR(255)"
                                    }
                                },
                                {
                                    "column": {
                                        "name": "from_city",
                                        "type": "VARCHAR(255)"
                                    }
                                },
                                {
                                    "column": {
                                        "name": "from_country_code",
                                        "type": "VARCHAR(255)"
                                    }
                                },
                                {
                                    "column": {
                                        "name": "from_state",
                                        "type": "VARCHAR(255)"
                                    }
                                },
                                {
                                    "column": {
                                        "name": "gmt_offset",
                                        "type": "BIGINT"
                                    }
                                },
                                {
                                    "column": {
                                        "name": "imsi",
                                        "type": "BIGINT"
                                    }
                                },
                                {
                                    "column": {
                                        "name": "included_minutes",
                                        "type": "BIGINT"
                                    }
                                },
                                {
                                    "column": {
                                        "name": "international_terminat_point",
                                        "type": "VARCHAR(255)"
                                    }
                                },
                                {
                                    "column": {
                                        "name": "local_call_start_datetime",
                                        "type": "TIMESTAMP WITHOUT TIME ZONE"
                                    }
                                },
                                {
                                    "column": {
                                        "name": "min_num",
                                        "type": "BIGINT"
                                    }
                                },
                                {
                                    "column": {
                                        "name": "n_way_calling",
                                        "type": "VARCHAR(255)"
                                    }
                                },
                                {
                                    "column": {
                                        "name": "no_answer_transfer_ind",
                                        "type": "VARCHAR(255)"
                                    }
                                },
                                {
                                    "column": {
                                        "name": "off_peak_airtime_mou",
                                        "type": "BIGINT"
                                    }
                                },
                                {
                                    "column": {
                                        "name": "other_party_number",
                                        "type": "VARCHAR(255)"
                                    }
                                },
                                {
                                    "column": {
                                        "name": "peak_airtime_mou",
                                        "type": "BIGINT"
                                    }
                                },
                                {
                                    "column": {
                                        "name": "rate_span_ind",
                                        "type": "VARCHAR(255)"
                                    }
                                },
                                {
                                    "column": {
                                        "name": "rate_type",
                                        "type": "VARCHAR(255)"
                                    }
                                },
                                {
                                    "column": {
                                        "name": "record_id",
                                        "type": "BIGINT"
                                    }
                                },
                                {
                                    "column": {
                                        "name": "record_type",
                                        "type": "VARCHAR(255)"
                                    }
                                },
                                {
                                    "column": {
                                        "name": "rerate_ind",
                                        "type": "VARCHAR(255)"
                                    }
                                },
                                {
                                    "column": {
                                        "name": "rerate_reason_code",
                                        "type": "BIGINT"
                                    }
                                },
                                {
                                    "column": {
                                        "name": "roamer_surcharge",
                                        "type": "BIGINT"
                                    }
                                },
                                {
                                    "column": {
                                        "name": "roaming_tax_charge",
                                        "type": "BIGINT"
                                    }
                                },
                                {
                                    "column": {
                                        "name": "sdd_charge",
                                        "type": "BIGINT"
                                    }
                                },
                                {
                                    "column": {
                                        "name": "service_plan",
                                        "type": "VARCHAR(255)"
                                    }
                                },
                                {
                                    "column": {
                                        "name": "serving_bid",
                                        "type": "VARCHAR(255)"
                                    }
                                },
                                {
                                    "column": {
                                        "name": "tariff_plan",
                                        "type": "VARCHAR(255)"
                                    }
                                },
                                {
                                    "column": {
                                        "name": "tier_cd",
                                        "type": "VARCHAR(255)"
                                    }
                                },
                                {
                                    "column": {
                                        "name": "to_city",
                                        "type": "VARCHAR(255)"
                                    }
                                },
                                {
                                    "column": {
                                        "name": "to_country_code",
                                        "type": "VARCHAR(255)"
                                    }
                                },
                                {
                                    "column": {
                                        "name": "to_state",
                                        "type": "VARCHAR(255)"
                                    }
                                },
                                {
                                    "column": {
                                        "name": "toll_charge",
                                        "type": "BIGINT"
                                    }
                                },
                                {
                                    "column": {
                                        "name": "total_minutes_mou",
                                        "type": "BIGINT"
                                    }
                                },
                                {
                                    "column": {
                                        "name": "total_seconds_of_call",
                                        "type": "BIGINT"
                                    }
                                },
                                {
                                    "column": {
                                        "name": "usage_sequence_id",
                                        "type": "BIGINT"
                                    }
                                },
                                {
                                    "column": {
                                        "name": "zone",
                                        "type": "VARCHAR(255)"
                                    }
                                },
                                {
                                    "column": {
                                        "defaultValueComputed": "CURRENT_TIMESTAMP",
                                        "name": "created_date",
                                        "type": "TIMESTAMP WITH TIME ZONE"
                                    }
                                },
                                {
                                    "column": {
                                        "name": "dsource",
                                        "type": "VARCHAR(255)"
                                        
                                    }
                                }
                            ],
                            "tableName": "voice_details"
                        }
                    }
                ]
            }
        }
]}